original_image,duplicate_image,hash
rare_species\arthropoda_formicidae/29638873_889096_eol-full-size-copy.jpg,rare_species\arthropoda_formicidae/14647056_889096_eol-full-size-copy.jpg,bb8794da4aa58c8e
rare_species\arthropoda_formicidae/29638449_476649_eol-full-size-copy.jpg,rare_species\arthropoda_formicidae/14608600_476649_eol-full-size-copy.jpg,8b2a74e13a33e58e
rare_species\echinodermata_stichopodidae/22180228_2984557_eol-full-size-copy.jpg,rare_species\echinodermata_stichopodidae/14048637_2984557_eol-full-size-copy.jpg,985ad0340fb53d8f
rare_species\chordata_fringillidae/22375404_45518969_eol-full-size-copy.jpg,rare_species\chordata_fringillidae/2745972_45518969_eol-full-size-copy.jpg,9e43537a39a3642d
rare_species\chordata_cercopithecidae/28745816_311183_eol-full-size-copy.jpg,rare_species\chordata_cercopithecidae/11765_311183_eol-full-size-copy.jpg,bcc3d1191a7769c8
rare_species\chordata_vangidae/28914704_45514240_eol-full-size-copy.jpg,rare_species\chordata_vangidae/16228_45514240_eol-full-size-copy.jpg,872b30f01d0f0ffc
rare_species\echinodermata_stichopodidae/29384422_2984557_eol-full-size-copy.jpg,rare_species\echinodermata_stichopodidae/14048636_2984557_eol-full-size-copy.jpg,c557c1691b4b7299
rare_species\arthropoda_formicidae/28918247_620300_eol-full-size-copy.jpg,rare_species\arthropoda_formicidae/14668792_620300_eol-full-size-copy.jpg,e719323878d3c9c6
rare_species\chordata_balistidae/28745800_46570656_eol-full-size-copy.jpg,rare_species\chordata_balistidae/5001_46570656_eol-full-size-copy.jpg,b693c06c3f3270cd
rare_species\chordata_elapidae/29473738_1055803_eol-full-size-copy.jpg,rare_species\chordata_elapidae/29473740_1055803_eol-full-size-copy.jpg,c15926ce4dabc83d
rare_species\chordata_trochilidae/12591_45512248_eol-full-size-copy.jpg,rare_species\chordata_trochilidae/28769504_45512248_eol-full-size-copy.jpg,b46dc39a3ac63664
rare_species\chordata_fringillidae/22375401_45518969_eol-full-size-copy.jpg,rare_species\chordata_fringillidae/2745975_45518969_eol-full-size-copy.jpg,c3b9361ed9c36630
rare_species\arthropoda_coenagrionidae/20710779_1001090_eol-full-size-copy.jpg,rare_species\arthropoda_coenagrionidae/2729380_1001090_eol-full-size-copy.jpg,8fc3b33779a05035
rare_species\mollusca_unionidae/2744866_449459_eol-full-size-copy.jpg,rare_species\mollusca_unionidae/21566257_449459_eol-full-size-copy.jpg,f59287499a9b9a64
rare_species\chordata_trochilidae/28748641_45512251_eol-full-size-copy.jpg,rare_species\chordata_trochilidae/12592_45512251_eol-full-size-copy.jpg,a669cc869cd93333
rare_species\chordata_anatidae/11811_45513542_eol-full-size-copy.jpg,rare_species\chordata_anatidae/28742324_45513542_eol-full-size-copy.jpg,bec0c13b923ccf34
rare_species\chordata_syngnathidae/2719048_46567809_eol-full-size-copy.jpg,rare_species\chordata_syngnathidae/22880315_46567809_eol-full-size-copy.jpg,ad6acd116e4be246
rare_species\chordata_spheniscidae/2703530_45512084_eol-full-size-copy.jpg,rare_species\chordata_spheniscidae/21012863_45512084_eol-full-size-copy.jpg,cacd81cb1dbdc183
rare_species\arthropoda_platystictidae/29911908_132324_eol-full-size-copy.jpg,rare_species\arthropoda_platystictidae/29911928_132324_eol-full-size-copy.jpg,a946d629da55932b
rare_species\chordata_elapidae/29473737_1055803_eol-full-size-copy.jpg,rare_species\chordata_elapidae/22401518_1055803_eol-full-size-copy.jpg,ba1b651cb38a7e44
rare_species\chordata_myliobatidae/28750023_46561008_eol-full-size-copy.jpg,rare_species\chordata_myliobatidae/6351_46561008_eol-full-size-copy.jpg,ec4e833992e17a96
rare_species\chordata_strigopidae/28760429_45517890_eol-full-size-copy.jpg,rare_species\chordata_strigopidae/3183_45517890_eol-full-size-copy.jpg,bb4ac0b587423ecb
rare_species\chordata_alopiidae/28750231_46559744_eol-full-size-copy.jpg,rare_species\chordata_alopiidae/6277_46559744_eol-full-size-copy.jpg,ee3c9c6c91c1c3c5
rare_species\chordata_potoroidae/29407285_128419_eol-full-size-copy.jpg,rare_species\chordata_potoroidae/14037835_128419_eol-full-size-copy.jpg,c42e1663d3fc780e
rare_species\chordata_vangidae/28914699_45514240_eol-full-size-copy.jpg,rare_species\chordata_vangidae/16263_45514240_eol-full-size-copy.jpg,b0ccce311b9b3366
rare_species\chordata_strigopidae/28760428_45517890_eol-full-size-copy.jpg,rare_species\chordata_strigopidae/2626_45517890_eol-full-size-copy.jpg,ed3290c96fe53432
rare_species\chordata_psittacidae/28754839_1178056_eol-full-size-copy.jpg,rare_species\chordata_psittacidae/16192_1178056_eol-full-size-copy.jpg,e9329249cdcd6696
rare_species\chordata_falconidae/10188_45512605_eol-full-size-copy.jpg,rare_species\chordata_falconidae/28753615_45512605_eol-full-size-copy.jpg,e46ddb9832e74c18
rare_species\chordata_salmonidae/14124337_46563153_eol-full-size-copy.jpg,rare_species\chordata_salmonidae/20515572_46563153_eol-full-size-copy.jpg,aac8bfcafc3042cc
rare_species\chordata_columbidae/18218_45509438_eol-full-size-copy.jpg,rare_species\chordata_columbidae/28742677_45509438_eol-full-size-copy.jpg,ed899236a44dd933
rare_species\arthropoda_platystictidae/29911918_132324_eol-full-size-copy.jpg,rare_species\arthropoda_platystictidae/29911931_132324_eol-full-size-copy.jpg,f4baedd8a6291216
rare_species\chordata_vombatidae/29776109_47048632_eol-full-size-copy.jpg,rare_species\chordata_vombatidae/22292557_47048632_eol-full-size-copy.jpg,86756637c80fb14d
rare_species\arthropoda_coenagrionidae/20710764_1001090_eol-full-size-copy.jpg,rare_species\arthropoda_coenagrionidae/2729378_1001090_eol-full-size-copy.jpg,e1c2a5385ead1a5b
rare_species\chordata_potoroidae/14037836_128419_eol-full-size-copy.jpg,rare_species\chordata_potoroidae/29407293_128419_eol-full-size-copy.jpg,8f3c13b1d9cf0c85
rare_species\arthropoda_formicidae/14608596_476649_eol-full-size-copy.jpg,rare_species\arthropoda_formicidae/29638445_476649_eol-full-size-copy.jpg,fe3f01107c0f81f6
rare_species\chordata_emydidae/29972872_1056842_eol-full-size-copy.jpg,rare_species\chordata_emydidae/29972877_1056842_eol-full-size-copy.jpg,e6839cd3127e892d
rare_species\chordata_acipenseridae/9308_46561170_eol-full-size-copy.jpg,rare_species\chordata_acipenseridae/28762222_46561170_eol-full-size-copy.jpg,fbc5943ac03699cc
rare_species\chordata_fringillidae/22375392_45518969_eol-full-size-copy.jpg,rare_species\chordata_fringillidae/2745970_45518969_eol-full-size-copy.jpg,e5a89c6374de138c
rare_species\arthropoda_formicidae/28918238_620300_eol-full-size-copy.jpg,rare_species\arthropoda_formicidae/14668791_620300_eol-full-size-copy.jpg,f0340f18fb471c3e
rare_species\arthropoda_formicidae/29669756_468536_eol-full-size-copy.jpg,rare_species\arthropoda_formicidae/14641160_468536_eol-full-size-copy.jpg,f84e83f0ce0bc6d1
rare_species\chordata_labridae/4847_46571820_eol-full-size-copy.jpg,rare_species\chordata_labridae/28747438_46571820_eol-full-size-copy.jpg,bf1fd094c46a6472
rare_species\mollusca_unionidae/2744859_449459_eol-full-size-copy.jpg,rare_species\mollusca_unionidae/21566249_449459_eol-full-size-copy.jpg,9f246ad0d19eca78
rare_species\arthropoda_triopsidae/8751600_1041309_eol-full-size-copy.jpg,rare_species\arthropoda_triopsidae/28885392_1041309_eol-full-size-copy.jpg,b08fcf243c3313e5
rare_species\chordata_trochilidae/3098_45512248_eol-full-size-copy.jpg,rare_species\chordata_trochilidae/28769503_45512248_eol-full-size-copy.jpg,e1709c8fcf637290
rare_species\chordata_tropiduridae/20803069_791461_eol-full-size-copy.jpg,rare_species\chordata_tropiduridae/2737876_791461_eol-full-size-copy.jpg,c9adb6963311b9b0
rare_species\chordata_alligatoridae/2757396_1055872_eol-full-size-copy.jpg,rare_species\chordata_alligatoridae/22252291_1055872_eol-full-size-copy.jpg,a295dda6f2c98436
rare_species\arthropoda_cerambycidae/28764763_354871_eol-full-size-copy.jpg,rare_species\arthropoda_cerambycidae/6689_354871_eol-full-size-copy.jpg,b2c3cc3c8933db26
rare_species\mollusca_unionidae/21566251_449459_eol-full-size-copy.jpg,rare_species\mollusca_unionidae/2744857_449459_eol-full-size-copy.jpg,eb9e9d7be021c821
rare_species\chordata_diplodactylidae/2738828_791386_eol-full-size-copy.jpg,rare_species\chordata_diplodactylidae/22121762_791386_eol-full-size-copy.jpg,883b664c1bdf161d
rare_species\chordata_geoemydidae/29538721_793083_eol-full-size-copy.jpg,rare_species\chordata_geoemydidae/29538715_793083_eol-full-size-copy.jpg,bb91e04b8da6b991
rare_species\chordata_trochilidae/28769502_45512248_eol-full-size-copy.jpg,rare_species\chordata_trochilidae/3088_45512248_eol-full-size-copy.jpg,e2789595ce6a6331
rare_species\chordata_fringillidae/22375393_45518969_eol-full-size-copy.jpg,rare_species\chordata_fringillidae/2745976_45518969_eol-full-size-copy.jpg,838bb8382dedc3b1
rare_species\chordata_hylobatidae/11763_326451_eol-full-size-copy.jpg,rare_species\chordata_hylobatidae/28758083_326451_eol-full-size-copy.jpg,bb1991e44a0f2fc3
rare_species\chordata_psittacidae/28738846_1177988_eol-full-size-copy.jpg,rare_species\chordata_psittacidae/3538_1177988_eol-full-size-copy.jpg,e53693994dcc6436
rare_species\chordata_fringillidae/2745977_45518969_eol-full-size-copy.jpg,rare_species\chordata_fringillidae/22375397_45518969_eol-full-size-copy.jpg,92c2d1c0e57678be
rare_species\arthropoda_platystictidae/29911915_132324_eol-full-size-copy.jpg,rare_species\arthropoda_platystictidae/29911937_132324_eol-full-size-copy.jpg,fb9187b7b0b70604
rare_species\arthropoda_formicidae/14647050_889096_eol-full-size-copy.jpg,rare_species\arthropoda_formicidae/29638869_889096_eol-full-size-copy.jpg,b1b539ce6a1ad684
rare_species\chordata_ursidae/14137129_328076_eol-full-size-copy.jpg,rare_species\chordata_ursidae/29014752_328076_eol-full-size-copy.jpg,e6b80bc050375a7f
rare_species\chordata_alligatoridae/2757398_1055872_eol-full-size-copy.jpg,rare_species\chordata_alligatoridae/22252284_1055872_eol-full-size-copy.jpg,87d67069969e6c32
rare_species\chordata_spheniscidae/14091616_45512084_eol-full-size-copy.jpg,rare_species\chordata_spheniscidae/2703529_45512084_eol-full-size-copy.jpg,eca79d5aea3104a6
rare_species\chordata_anatidae/28753379_45510548_eol-full-size-copy.jpg,rare_species\chordata_anatidae/15414_45510548_eol-full-size-copy.jpg,ad69c09f3c60c39e
rare_species\mollusca_unionidae/2744861_449459_eol-full-size-copy.jpg,rare_species\mollusca_unionidae/21566264_449459_eol-full-size-copy.jpg,af1d3d92d285259c
rare_species\cnidaria_agariciidae/21699225_45276518_eol-full-size-copy.jpg,rare_species\cnidaria_agariciidae/2714457_45276518_eol-full-size-copy.jpg,c297697e650b2f09
rare_species\chordata_bufonidae/8777749_1019250_eol-full-size-copy.jpg,rare_species\chordata_bufonidae/29580794_1019250_eol-full-size-copy.jpg,8a67393c43f01fc3
rare_species\chordata_percidae/2703001_211786_eol-full-size-copy.jpg,rare_species\chordata_percidae/21186963_211786_eol-full-size-copy.jpg,9c25b0cca21bd63f
rare_species\arthropoda_platystictidae/29911930_132324_eol-full-size-copy.jpg,rare_species\arthropoda_platystictidae/29911924_132324_eol-full-size-copy.jpg,e26f093ac29892f7
rare_species\mollusca_unionidae/2744858_449459_eol-full-size-copy.jpg,rare_species\mollusca_unionidae/21566261_449459_eol-full-size-copy.jpg,efcfd438d061c131
rare_species\chordata_fringillidae/2745969_45518969_eol-full-size-copy.jpg,rare_species\chordata_fringillidae/22375388_45518969_eol-full-size-copy.jpg,a92823bd8d73b469
rare_species\chordata_trochilidae/28755649_45512273_eol-full-size-copy.jpg,rare_species\chordata_trochilidae/3078_45512273_eol-full-size-copy.jpg,a566929b4d6d6692
rare_species\chordata_carcharhinidae/28755962_46559814_eol-full-size-copy.jpg,rare_species\chordata_carcharhinidae/12240_46559814_eol-full-size-copy.jpg,edd4956c92639626
rare_species\arthropoda_formicidae/29638459_476649_eol-full-size-copy.jpg,rare_species\arthropoda_formicidae/14608598_476649_eol-full-size-copy.jpg,9391b194ad5e1a2f
rare_species\chordata_spheniscidae/2703530_45512084_eol-full-size-copy.jpg,rare_species\chordata_spheniscidae/28939533_45512084_eol-full-size-copy.jpg,cacd81cb1dbdc183
rare_species\arthropoda_nymphalidae/21586626_152379_eol-full-size-copy.jpg,rare_species\arthropoda_nymphalidae/29698410_152379_eol-full-size-copy.jpg,da8638f5633a434e
rare_species\chordata_anatidae/28743115_45513549_eol-full-size-copy.jpg,rare_species\chordata_anatidae/15598_45513549_eol-full-size-copy.jpg,bbc4983bc63cc1c3
rare_species\chordata_pardalotidae/2755_45518587_eol-full-size-copy.jpg,rare_species\chordata_pardalotidae/28750248_45518587_eol-full-size-copy.jpg,a933d0ccc6173b69
rare_species\chordata_hexanchidae/29652511_46560148_eol-full-size-copy.jpg,rare_species\chordata_hexanchidae/14095163_46560148_eol-full-size-copy.jpg,be72c0d4a12d2b3b
rare_species\chordata_scincidae/29680322_47047909_eol-full-size-copy.jpg,rare_species\chordata_scincidae/29680317_47047909_eol-full-size-copy.jpg,afe0d40ff8612764
rare_species\chordata_carcharhinidae/28758159_46559811_eol-full-size-copy.jpg,rare_species\chordata_carcharhinidae/6187_46559811_eol-full-size-copy.jpg,ff8c982de51d94c0
rare_species\chordata_labridae/28940895_46571820_eol-full-size-copy.jpg,rare_species\chordata_labridae/28940893_46571820_eol-full-size-copy.jpg,bf2fd094c46a6472
rare_species\chordata_turdidae/10009_45510209_eol-full-size-copy.jpg,rare_species\chordata_turdidae/28754852_45510209_eol-full-size-copy.jpg,eb32966e089999d3
rare_species\chordata_carcharhinidae/28741497_46559813_eol-full-size-copy.jpg,rare_species\chordata_carcharhinidae/6301_46559813_eol-full-size-copy.jpg,fffa587ac0c4c484
rare_species\chordata_serranidae/29467982_46579618_eol-full-size-copy.jpg,rare_species\chordata_serranidae/14186539_46579618_eol-full-size-copy.jpg,fa953ac191c9c51e
rare_species\chordata_mesitornithidae/13598619_915363_eol-full-size-copy.jpg,rare_species\chordata_mesitornithidae/20288755_915363_eol-full-size-copy.jpg,e991c9e6ce266c92
rare_species\chordata_turdidae/29658536_45510188_eol-full-size-copy.jpg,rare_species\chordata_turdidae/15631_45510188_eol-full-size-copy.jpg,e8cc9732da6949c6
rare_species\chordata_scolopacidae/8827_45513587_eol-full-size-copy.jpg,rare_species\chordata_scolopacidae/28744102_45513587_eol-full-size-copy.jpg,bd91c02c9ccb6fe0
rare_species\chordata_diomedeidae/2647_45511277_eol-full-size-copy.jpg,rare_species\chordata_diomedeidae/28768990_45511277_eol-full-size-copy.jpg,e33698496736934d
rare_species\chordata_serranidae/14061435_46579700_eol-full-size-copy.jpg,rare_species\chordata_serranidae/29603931_46579700_eol-full-size-copy.jpg,c4806fe496dd3d61
rare_species\arthropoda_platystictidae/29911910_132324_eol-full-size-copy.jpg,rare_species\arthropoda_platystictidae/29911916_132324_eol-full-size-copy.jpg,e355facf54681a82
rare_species\chordata_thraupidae/11819_1052882_eol-full-size-copy.jpg,rare_species\chordata_thraupidae/28755022_1052882_eol-full-size-copy.jpg,aa49853c31a77ed8
rare_species\chordata_rhacophoridae/14009197_1018932_eol-full-size-copy.jpg,rare_species\chordata_rhacophoridae/21051962_1018932_eol-full-size-copy.jpg,ca363feb027e9444
rare_species\mollusca_unionidae/21566258_449459_eol-full-size-copy.jpg,rare_species\mollusca_unionidae/2744869_449459_eol-full-size-copy.jpg,a9d8b4c792c69acc
rare_species\chordata_syngnathidae/22880325_46567809_eol-full-size-copy.jpg,rare_species\chordata_syngnathidae/2719049_46567809_eol-full-size-copy.jpg,d17b4b329194f417
rare_species\arthropoda_formicidae/29638461_476649_eol-full-size-copy.jpg,rare_species\arthropoda_formicidae/14608595_476649_eol-full-size-copy.jpg,9999da86264ecbd2
rare_species\chordata_syngnathidae/2719077_46567809_eol-full-size-copy.jpg,rare_species\chordata_syngnathidae/22880313_46567809_eol-full-size-copy.jpg,d62b72ae35c18974
rare_species\chordata_thraupidae/28756613_1050315_eol-full-size-copy.jpg,rare_species\chordata_thraupidae/15460_1050315_eol-full-size-copy.jpg,b038c9c766739939
rare_species\chordata_serranidae/30115213_46579619_eol-full-size-copy.jpg,rare_species\chordata_serranidae/20345320_46579619_eol-full-size-copy.jpg,b4cbc53278b312dc
rare_species\arthropoda_apidae/28260831_1065329_eol-full-size-copy.jpg,rare_species\arthropoda_apidae/28214390_1065290_eol-full-size-copy.jpg,bcc3c33ce3c33c18
rare_species\chordata_psittaculidae/28749728_45518003_eol-full-size-copy.jpg,rare_species\chordata_psittaculidae/15874_45518003_eol-full-size-copy.jpg,b832c3cd2ce24b6d
rare_species\chordata_trochilidae/28755648_45512273_eol-full-size-copy.jpg,rare_species\chordata_trochilidae/2873_45512273_eol-full-size-copy.jpg,a1658d9e9a32356d
rare_species\chordata_diplodactylidae/2738829_791386_eol-full-size-copy.jpg,rare_species\chordata_diplodactylidae/22121763_791386_eol-full-size-copy.jpg,d45b617a93c4649e
rare_species\chordata_anatidae/11912_45513549_eol-full-size-copy.jpg,rare_species\chordata_anatidae/28743113_45513549_eol-full-size-copy.jpg,e993c66c1c699396
rare_species\chordata_psittaculidae/28747625_45517999_eol-full-size-copy.jpg,rare_species\chordata_psittaculidae/2504_45517999_eol-full-size-copy.jpg,b048c3b39ee43667
rare_species\mollusca_unionidae/2744864_449459_eol-full-size-copy.jpg,rare_species\mollusca_unionidae/21566254_449459_eol-full-size-copy.jpg,e196186553be5935
rare_species\arthropoda_coenagrionidae/20710773_1001090_eol-full-size-copy.jpg,rare_species\arthropoda_coenagrionidae/2729379_1001090_eol-full-size-copy.jpg,912abb167c0d1afa
rare_species\chordata_bucerotidae/22930582_1227079_eol-full-size-copy.jpg,rare_species\chordata_bucerotidae/22930579_1227079_eol-full-size-copy.jpg,d36dca2f9460906f
rare_species\chordata_diplodactylidae/2738825_791386_eol-full-size-copy.jpg,rare_species\chordata_diplodactylidae/22121744_791386_eol-full-size-copy.jpg,d570643a9db64a69
rare_species\chordata_diplodactylidae/2738830_791386_eol-full-size-copy.jpg,rare_species\chordata_diplodactylidae/22121747_791386_eol-full-size-copy.jpg,c725309caed2e1dc
rare_species\arthropoda_coenagrionidae/2729386_1001090_eol-full-size-copy.jpg,rare_species\arthropoda_coenagrionidae/20710781_1001090_eol-full-size-copy.jpg,a04b972d1dbc91f2
rare_species\chordata_anatidae/12126_45513542_eol-full-size-copy.jpg,rare_species\chordata_anatidae/28742326_45513542_eol-full-size-copy.jpg,e1939e6c46b229e3
rare_species\chordata_squatinidae/29878719_46560323_eol-full-size-copy.jpg,rare_species\chordata_squatinidae/29878715_46560323_eol-full-size-copy.jpg,87953e4b742d423d
rare_species\chordata_chaetodontidae/21543547_46578271_eol-full-size-copy.jpg,rare_species\chordata_chaetodontidae/29932517_46578271_eol-full-size-copy.jpg,cf06f38f507fa082
rare_species\chordata_sphyrnidae/12282119_46559948_eol-full-size-copy.jpg,rare_species\chordata_sphyrnidae/30011664_46559948_eol-full-size-copy.jpg,8ccc3333d9cc6633
rare_species\arthropoda_apidae/28408243_1065346_eol-full-size-copy.jpg,rare_species\arthropoda_apidae/28214522_1065290_eol-full-size-copy.jpg,bcc3c33cc3c33c31
rare_species\chordata_rajidae/2746050_46560555_eol-full-size-copy.jpg,rare_species\chordata_rajidae/20502105_46560555_eol-full-size-copy.jpg,ce6338dc2773811b
rare_species\chordata_fringillidae/22375403_45518969_eol-full-size-copy.jpg,rare_species\chordata_fringillidae/2745971_45518969_eol-full-size-copy.jpg,f2520a2425cf6deb
rare_species\chordata_anatidae/28757065_45510585_eol-full-size-copy.jpg,rare_species\chordata_anatidae/7041_45510585_eol-full-size-copy.jpg,fa90916fc23b2ec8
rare_species\chordata_spheniscidae/2703531_45512084_eol-full-size-copy.jpg,rare_species\chordata_spheniscidae/21012864_45512084_eol-full-size-copy.jpg,8d2523b1ff4bc407
rare_species\chordata_falconidae/13597480_45512605_eol-full-size-copy.jpg,rare_species\chordata_falconidae/20258964_45512605_eol-full-size-copy.jpg,a4e95b9dc174ac46
rare_species\chordata_pristidae/28767468_46560360_eol-full-size-copy.jpg,rare_species\chordata_pristidae/6203_46560360_eol-full-size-copy.jpg,ab3334d4c4cccbc9
rare_species\chordata_carcharhinidae/6261_46559811_eol-full-size-copy.jpg,rare_species\chordata_carcharhinidae/29347800_46559811_eol-full-size-copy.jpg,eb3991e1e5c4c692
rare_species\mollusca_unionidae/21566255_449459_eol-full-size-copy.jpg,rare_species\mollusca_unionidae/2744863_449459_eol-full-size-copy.jpg,b6f8d842663a761a
rare_species\chordata_delphinidae/21286849_46559300_eol-full-size-copy.jpg,rare_species\chordata_delphinidae/8825712_46559300_eol-full-size-copy.jpg,cf90b06a8fd4706b
rare_species\chordata_scolopacidae/14406_45513587_eol-full-size-copy.jpg,rare_species\chordata_scolopacidae/28744104_45513587_eol-full-size-copy.jpg,e5b39b984964b6c2
rare_species\arthropoda_platystictidae/29911914_132324_eol-full-size-copy.jpg,rare_species\arthropoda_platystictidae/29911938_132324_eol-full-size-copy.jpg,aa6ed6299a55922b
rare_species\chordata_diplodactylidae/2738826_791386_eol-full-size-copy.jpg,rare_species\chordata_diplodactylidae/22121759_791386_eol-full-size-copy.jpg,95df7032d2c7602e
rare_species\chordata_spheniscidae/14091616_45512084_eol-full-size-copy.jpg,rare_species\chordata_spheniscidae/21012861_45512084_eol-full-size-copy.jpg,eca79d5aea3104a6
rare_species\chordata_sphyrnidae/28769269_46559948_eol-full-size-copy.jpg,rare_species\chordata_sphyrnidae/6273_46559948_eol-full-size-copy.jpg,fe3e90c181272fa6
rare_species\chordata_psittacidae/28754508_45510832_eol-full-size-copy.jpg,rare_species\chordata_psittacidae/3737_45510832_eol-full-size-copy.jpg,a4669b9934674e3c
rare_species\chordata_procellariidae/20683881_1049466_eol-full-size-copy.jpg,rare_species\chordata_procellariidae/13599739_1049466_eol-full-size-copy.jpg,96cba9345859b627
rare_species\chordata_anatidae/3857_45513542_eol-full-size-copy.jpg,rare_species\chordata_anatidae/28742318_45513542_eol-full-size-copy.jpg,f9d3c66ca733180c
rare_species\chordata_cacatuidae/2770085_45511260_eol-full-size-copy.jpg,rare_species\chordata_cacatuidae/21303698_45511260_eol-full-size-copy.jpg,9a3626b8668e3adc
rare_species\chordata_serranidae/20345313_46579619_eol-full-size-copy.jpg,rare_species\chordata_serranidae/30115215_46579619_eol-full-size-copy.jpg,f7889922dd47c217
rare_species\arthropoda_formicidae/14668790_620300_eol-full-size-copy.jpg,rare_species\arthropoda_formicidae/28918234_620300_eol-full-size-copy.jpg,919b13d829765acb
rare_species\chordata_turdidae/28763198_45510188_eol-full-size-copy.jpg,rare_species\chordata_turdidae/11923_45510188_eol-full-size-copy.jpg,f5118e6d6692396c
rare_species\chordata_fringillidae/22375387_45518969_eol-full-size-copy.jpg,rare_species\chordata_fringillidae/2745974_45518969_eol-full-size-copy.jpg,c4d85b4b2c2db5d1
rare_species\mollusca_unionidae/21566263_449459_eol-full-size-copy.jpg,rare_species\mollusca_unionidae/2744868_449459_eol-full-size-copy.jpg,ad36b6d89229133d
rare_species\arthropoda_platystictidae/29911925_132324_eol-full-size-copy.jpg,rare_species\arthropoda_platystictidae/29911935_132324_eol-full-size-copy.jpg,e7ec1bb8c290b6e0
rare_species\chordata_chaetodontidae/29932515_46578271_eol-full-size-copy.jpg,rare_species\chordata_chaetodontidae/21543552_46578271_eol-full-size-copy.jpg,ddb86310ca66cce6
rare_species\chordata_cacatuidae/2770095_45511260_eol-full-size-copy.jpg,rare_species\chordata_cacatuidae/21303709_45511260_eol-full-size-copy.jpg,e9e62622f5743711
rare_species\chordata_tropiduridae/20803075_791461_eol-full-size-copy.jpg,rare_species\chordata_tropiduridae/14012519_791461_eol-full-size-copy.jpg,c197a683f8cdd0d2
rare_species\arthropoda_triopsidae/8751598_1041309_eol-full-size-copy.jpg,rare_species\arthropoda_triopsidae/8751605_1041309_eol-full-size-copy.jpg,ad9a9163349b5275
rare_species\arthropoda_coenagrionidae/28959260_1001090_eol-full-size-copy.jpg,rare_species\arthropoda_coenagrionidae/2729387_1001090_eol-full-size-copy.jpg,8d511f89e5b474a5
rare_species\mollusca_unionidae/21566256_449459_eol-full-size-copy.jpg,rare_species\mollusca_unionidae/2744852_449459_eol-full-size-copy.jpg,e01f947a9a681b6d
rare_species\arthropoda_formicidae/14608592_476649_eol-full-size-copy.jpg,rare_species\arthropoda_formicidae/29638450_476649_eol-full-size-copy.jpg,999b1b1ea4f54899
rare_species\chordata_scolopacidae/18748_45513587_eol-full-size-copy.jpg,rare_species\chordata_scolopacidae/28744105_45513587_eol-full-size-copy.jpg,ac31f02e9ce8c99e
rare_species\chordata_diplodactylidae/22121761_791386_eol-full-size-copy.jpg,rare_species\chordata_diplodactylidae/2738824_791386_eol-full-size-copy.jpg,c8693052b599f6d3
rare_species\chordata_myliobatidae/20582275_46561018_eol-full-size-copy.jpg,rare_species\chordata_myliobatidae/2738428_46561018_eol-full-size-copy.jpg,caf594aae1d689e0
rare_species\chordata_psittacidae/29581404_1178065_eol-full-size-copy.jpg,rare_species\chordata_psittacidae/29581397_1178065_eol-full-size-copy.jpg,c6da996592a09d76
rare_species\chordata_diplodactylidae/22121745_791386_eol-full-size-copy.jpg,rare_species\chordata_diplodactylidae/2738827_791386_eol-full-size-copy.jpg,d3e863291f866761
rare_species\chordata_ursidae/14137135_328076_eol-full-size-copy.jpg,rare_species\chordata_ursidae/29014753_328076_eol-full-size-copy.jpg,e09fd9d8c6b60d12
rare_species\arthropoda_formicidae/14647049_889096_eol-full-size-copy.jpg,rare_species\arthropoda_formicidae/29638867_889096_eol-full-size-copy.jpg,f0f3f2d08e8f8c30
rare_species\chordata_pittidae/3264_919473_eol-full-size-copy.jpg,rare_species\chordata_pittidae/28740879_919473_eol-full-size-copy.jpg,a4c7cb2e933930c7
rare_species\chordata_atelidae/13985493_4472389_eol-full-size-copy.jpg,rare_species\chordata_atelidae/29865969_4472389_eol-full-size-copy.jpg,973232cd11f2f2ac
rare_species\chordata_scincidae/29680307_47047909_eol-full-size-copy.jpg,rare_species\chordata_scincidae/29680324_47047909_eol-full-size-copy.jpg,ec60969e98786567
rare_species\arthropoda_formicidae/14644220_463474_eol-full-size-copy.jpg,rare_species\arthropoda_formicidae/29341993_463474_eol-full-size-copy.jpg,a52d5772da1a4a5a
rare_species\chordata_atelidae/28737806_4472389_eol-full-size-copy.jpg,rare_species\chordata_atelidae/9407_4472389_eol-full-size-copy.jpg,ea5e909b85a5e5c8
rare_species\mollusca_unionidae/2744856_449459_eol-full-size-copy.jpg,rare_species\mollusca_unionidae/21566265_449459_eol-full-size-copy.jpg,9cc4206ef9e38795
rare_species\chordata_iguanidae/2833161_47044557_eol-full-size-copy.jpg,rare_species\chordata_iguanidae/22552392_47044557_eol-full-size-copy.jpg,b1ccce73e4c89386
rare_species\chordata_chelidae/12203_2815879_eol-full-size-copy.jpg,rare_species\chordata_chelidae/28754499_2815879_eol-full-size-copy.jpg,e13f9ec392d06836
rare_species\chordata_chamaeleonidae/29608272_1286909_eol-full-size-copy.jpg,rare_species\chordata_chamaeleonidae/29608263_1286909_eol-full-size-copy.jpg,c698616795378db8
rare_species\chordata_diomedeidae/30070655_45511267_eol-full-size-copy.jpg,rare_species\chordata_diomedeidae/30070650_45511267_eol-full-size-copy.jpg,b6a4c1d33f0cd0e3
